﻿<Ui xmlns="http://www.blizzard.com/wow/ui/">	
	<Script file="setup.lua"/>
	<Script file="armor.lua"/>
	<Script file="avoidance.lua"/>
	<Script file="bags.lua"/>
	<Script file="battleground.lua"/>
	<Script file="crit.lua"/>
	<Script file="dps.lua"/>
	<Script file="durability.lua"/>
	<Script file="fps.lua"/>
	<Script file="friend.lua"/>
	<Script file="gold.lua"/>
	<Script file="guild.lua"/>
	<Script file="haste.lua"/>
	<Script file="hps.lua"/>
	<Script file="system.lua"/>
	<Script file="power.lua"/>
	<Script file="time.lua"/>
	<Script file="currency.lua"/>
	<Script file="hit.lua"/>
	<Script file="micromenu.lua"/>
	<Script file="mastery.lua"/>
	<Script file="location.lua"/>
	<Script file="bar_experience.lua"/>
	<Script file="bar_reputation.lua"/>
	<Script file="regen.lua"/>
	<Script file="statblock.lua"/>
	<Script file="maptime.lua"/>
</Ui>