﻿<Ui xmlns="http://www.blizzard.com/wow/ui/">	
	<Include file="core\oUF\oUF.xml"/>
	<Script file="plugins\oUF_AuraWatch\oUF_AuraWatch.lua"/>
	<Script file="plugins\oUF_CombatFeedback\oUF_CombatFeedback.lua"/>
	<Script file="plugins\oUF_DebuffHighlight\oUF_DebuffHighlight.lua"/>
	<Script file="plugins\oUF_Experience\oUF_Experience.lua"/>
	<Script file="plugins\oUF_MovableFrames\movable.lua"/>
	<Script file="plugins\oUF_Reputation\oUF_Reputation.lua"/>
	<Script file="plugins\oUF_Smooth\oUF_Smooth.lua"/>
	<Script file="plugins\oUF_TotemBar\oUF_TotemBar.lua"/>
	<Script file="plugins\oUF_Trinkets\oUF_Trinkets.lua"/>
	<Script file="plugins\oUF_RaidDebuffs\oUF_RaidDebuffs.lua"/>	
	<Script file="plugins\oUF_WeakenedSoul\oUF_WeakenedSoul.lua"/>	
	<Script file="templates\colors.lua"/>

	<Include file="templates\tankassist.xml"/>
	<Script file="tags\tags.lua"/>
	<Script file="functions.lua"/>
	<Script file="layouts\tukui.lua"/>
	<Script file="layouts\cohesion.lua"/>
</Ui>